ABZAC, mairieabzac2@wanadoo.fr
AILLAS, aillas2@wanadoo.fr
AMBARES ET LAGRAVE, mairie@ville-ambaresetlagrave.fr
AMBES, internet@mairie-ambes.fr
ANDERNOS LES BAINS, culture.animation@andernos-les-bains.com
ANGLADE, mairie.anglade@wanadoo.fr
ARBANATS, mairie.arbanats@wanadoo.fr
ARBIS, mairie.arbis@orange.fr
ARCACHON, mairie@ville-arcachon.fr
ARCINS, mairie.arcins@wanadoo.fr
ARES, ares@wanadoo.fr
ARSAC, mairie@arsac.fr
ARTIGUES PRES BORDEAUX, mairie@artigues-pres-bordeaux.fr
ARVEYRES, mairiearveyres@wanadoo.fr
ASQUES, asques.mairie-asques@wanadoo.fr
AUBIAC, mairie.aubiac@wanadoo.fr
AUBIE ET ESPESSAS, mairie.aubie@wanadoo.fr
AUDENGE, courrier@mairie-audenge.fr
AURIOLLES, auriolles.mairie@wanadoo.fr
AUROS, auros@wanadoo.fr
AVENSAN, mairie.avensan@mairie-avensan.fr
AYGUEMORTE LES GRAVES, mairie-ayguemortelesgraves@wanadoo.fr
BAGAS, de-bagas.mairie@wanadoo.fr
BAIGNEAUX, communede.baigneaux@wanadoo.fr
BALIZAC, mairie.balizac@wanadoo.fr
BARIE, mairiebarie@wanadoo.fr
BARON, mairie-baron@wanadoo.fr
BARSAC, mairie@barsac.fr
BASSANNE, mairie.de.bassanne@wanadoo.fr
BASSENS, contact@ville-bassens.fr
BAURECH, mairie.baurech@orange.fr
BAYAS, mairiedebayas@wanadoo.fr
BAYON SUR GIRONDE, mairie-debayon@hotmail.fr
BAZAS, mairie.bazas@wanadoo.fr
BEAUTIRAN, mairiebeautiran@wanadoo.fr
BEGADAN, mairie.begadan@wanadoo.fr
BEGLES, contact@mairie-begles.fr
BEGUEY, mairie.beguey@wanadoo.fr
BELIN BELIET, mairie@belin-beliet.fr
BELLEBAT, communedebellebat@orange.fr
BELLEFOND, communedebellefond@orange.fr
BELVES DE CASTILLON, mairiebelvesdecastillon@wanadoo.fr
BERNOS BEAULAC, mairie.bernos.beaulac@wanadoo.fr
BERSON, mairie-de-berson@wanadoo.fr
BERTHEZ, mairie.de.berthez@wanadoo.fr
BEYCHAC ET CAILLAU, mairie.beychac.cailleau@wanadoo.fr
BIEUJAC, mairiebieujac@wanadoo.fr
BIGANOS, froy@villedebiganos.fr
BIRAC, mairie.birac@orange.fr
BLAIGNAC, mairie-de-blaignac@wanadoo.fr
BLAIGNAN, mairie.blaignan@wanadoo.fr
BLANQUEFORT, lemaire@ville-blanquefort.fr
BLASIMON, 33blasimon@wanadoo.fr
BLAYE, mairie@blaye.fr
BLESIGNAC, mairie.blesignac@wanadoo.fr
BOMMES, bommes@laposte.net
BONNETAN, mairie.bonnetan@wanadoo.fr
BONZAC, mairie-bonzac@wanadoo.fr
BORDEAUX, contact@mairie-bordeaux.fr
BOSSUGAN, mairiedebossugan@wanadoo.fr
BOULIAC, mairie@ville-bouliac.fr
BOURDELLES, mairiebourdelles@orange.fr
BOURG, commune-de-bourg@wanadoo.fr
BOURIDEYS, mairie.bourideys@orange.fr
BRACH, mairie.brach@wanadoo.fr
BRANNE, mairie-de-branne@wanadoo.fr
BRANNENS, mairie.brannens@wanadoo.fr
BRAUD ET SAINT LOUIS, sg@mairie-braud.com
BROUQUEYRAN, mairie.brouqueyran@wanadoo.fr
BRUGES, 
BUDOS, mairie.budos@wanadoo.fr
CABANAC ET VILLAGRAINS, mairie.cabanac-et-villagrains@wanadoo.fr
CABARA, mairie.cabara@wanadoo.fr
CADARSAC, mairie-cadarsac@wanadoo.fr
CADAUJAC, mairie@mairie-cadaujac.fr
CADILLAC, mairiedecadillac@wanadoo.fr
CADILLAC EN FRONSADAIS, cadimairie@wanadoo.fr
CAMARSAC, mairie.camarsac@wanadoo.fr
CAMBES, mairie.de.cambes@wanadoo.fr
CAMBLANES ET MEYNAC, mairie.camblanes-et-meynac@wanadoo.fr
CAMIAC ET SAINT DENIS, mairie-de-camiac-et-saint-denis@orange.fr
CAMIRAN, 
CAMPS SUR L ISLE, mairiecamps-sur-isle@wanadoo.fr
CAMPUGNAN, mairie.campugnan@wanadoo.fr
CANEJAN, mairie@canejan.fr
CANTENAC, mairie.cantenac@wanadoo.fr
CANTOIS, mairie.de.cantois@orange.fr
CAPIAN, mairie.capian@free.fr
CAPLONG, 
CAPTIEUX, contact@captieux.fr
CARBON BLANC, secretariatgal@carbon-blanc.fr
CARCANS, mairiecarcans@wanadoo.fr
CARDAN, mairiederions@wanadoo.fr
CARIGNAN DE BORDEAUX, mairie@carignandebdx.fr
CARS, mairie.cars@wanadoo.fr
CARTELEGUE, mairie.cartelegue@wanadoo.fr
CASSEUIL, mairie.mairiedecasseuil@wanadoo.fr
CASTELMORON D ALBRET, maire.castelmoron-dalbret@wanadoo.fr
CASTELNAU DE MEDOC, contact@mairie-castelnau-medoc.fr
CASTELVIEL, mairiedecastelviel@orange.fr
CASTETS EN DORTHE, contact@castetsendorthe.fr
CASTILLON DE CASTETS, castillon.de.castets@wanadoo.fr
CASTILLON LA BATAILLE, mairie@castillonlabataille.fr
CASTRES GIRONDE, mairie-de-castres-gironde@wanadoo.fr
CAUDROT, mairiecaudrot@orange.fr
CAUMONT, caumont2@wanadoo.fr
CAUVIGNAC, mairie.cauvignac@wanadoo.fr
CAVIGNAC, mairie.cavignac@wanadoo.fr
CAZALIS, mairie.cazalis@wanadoo.fr
CAZATS, mairie.cazats@orange.fr
CAZAUGITAT, cazaugitat@wanadoo.fr
CENAC, cenac.33.mairie@wanadoo.fr
CENON, info@ville-cenon.fr
CERONS, mairiedecerons@wanadoo.fr
CESSAC, mairiedecessac@wanadoo.fr
CESTAS, martine.saura@mairie-cestas.fr
CEZAC, mairiecezac@wanadoo.fr
CHAMADELLE, mairie-chamadelle@wanadoo.fr
CISSAC MEDOC, mairie.cissac-medoc@wanadoo.fr
CIVRAC DE BLAYE, civracdeblaye@wanadoo.fr
CIVRAC EN MEDOC, mairie.civrac.medoc@wanadoo.fr
CIVRAC SUR DORDOGNE, mairie.civrac@orange.fr
CLEYRAC, mairie.cleyrac@free.fr
COIMERES, mairie.coimeres@wanadoo.fr
COIRAC, coirac@wanadoo.fr
COMPS, comps.mairie@orange.fr
COUBEYRAC, mairie.decoubeyrac@wanadoo.fr
COUQUEQUES, commune-de-couqueque@wanadoo.fr
COURPIAC, de-courpiac.mairie@orange.fr
COURS DE MONSEGUR, mairie.coursdemonsegur@orange.fr
COURS LES BAINS, mairie.courslesbains@wanadoo.fr
COUTRAS, accueil@mairie-coutras.fr
COUTURES, mairie.coutures.drot@orange.fr
CREON, contact@mairie-creon.fr
CROIGNON, mairiedecroignon@wanadoo.fr
CUBNEZAIS, mairiedecubnezais33@wanadoo.fr
CUBZAC LES PONTS, mairie.cubzac@wanadoo.fr
CUDOS, mairie-cudos@wanadoo.fr
CURSAN, mairiedecursan@wanadoo.fr
CUSSAC FORT MEDOC, cussac.medoc@wanadoo.fr
DAIGNAC, mairie.daignac@wanadoo.fr
DARDENAC, mairie.dardenac@wanadoo.fr
DAUBEZE, mairie.daubeze@wanadoo.fr
DIEULIVOL, mairie.dieulivol@orange.fr
DONNEZAC, mairiedonnezac@wanadoo.fr
DONZAC, mairie-donzac@info82.com
DOULEZON, communedoulezon@orange.fr
ESCAUDES, mairie.escaudes@wanadoo.fr
ESCOUSSANS, mairie.escoussans@wanadoo.fr
ESPIET, mairie.espiet@wanadoo.fr
ETAULIERS, mairie@etauliers.fr
EYNESSE, mairie.eynesse@orange.fr
EYRANS, mairie.eyrans@wanadoo.fr
EYSINES, contact@ville-eysines.fr
FALEYRAS, mairie.de.faleyras@orange.fr
FARGUES, mairie-fargues@wanadoo.fr
FARGUES SAINT HILAIRE, mducasse-mairie-fsh@orange.fr
FLAUJAGUES, mairie.flaujagues@orange.fr
FLOIRAC, accueil@ville-floirac33.fr
FLOUDES, mairie-de-floudes@wanadoo.fr
FONTET, mairie.de.fontet@wanadoo.fr
FOSSES ET BALEYSSAC, fossesetbaleyssac@wanadoo.fr
FOURS, mairiedefours1@orange.fr
FRANCS, mairiedefrancs@wanadoo.fr
FRONSAC, mairie.fronsac@wanadoo.fr
FRONTENAC, mairie.frontenac@wanadoo.fr
GABARNAC, mairie-de-gabarnac@wanadoo.fr
GAILLAN EN MEDOC, mairie-de-gaillan@wanadoo.fr
GAJAC, communedegajac@orange.fr
GALGON, mairie-de-galgon@wanadoo.fr
GANS, mairiegans@wanadoo.fr
GARDEGAN ET TOURTIRAC, mairiedegardegan@wanadoo.fr
GAURIAC, mairie@gauriac.fr
GAURIAGUET, mairie.de.gauriaguet@wanadoo.fr
GENERAC, generac-mairie@wanadoo.fr
GENISSAC, mairie.genissac@wanadoo.fr
GENSAC, mairie-de-gensac@wanadoo.fr
GIRONDE SUR DROPT, gironde-sur-dropt@wanadoo.fr
GISCOS, mairie.giscos@wanadoo.fr
GORNAC, mairie@gornac.fr
GOUALADE, mairie.goualade@wanadoo.fr
GOURS, mairiedegours@wanadoo.fr
GRADIGNAN, mairie@ville-gradignan.fr
GRAYAN ET L HOPITAL, mairie.de.grayan.et.lhopital@wanadoo.fr
GREZILLAC, mairie.grezillac33@wanadoo.fr
GRIGNOLS, communedegrignols@wanadoo.fr
GUILLAC, guillac.mairie@wanadoo.fr
GUILLOS, mairie.guillos@orange.fr
GUITRES, guitres.mairie@wanadoo.fr
GUJAN MESTRAS, bal.mairie@ville-gujanmestras.fr
HAUX, mairie.haux33@wanadoo.fr
HOSTENS, mairie@hostens.fr
HOURTIN, secretariat@mairie-hourtin.fr
HURE, mairie.hure@wannadoo.fr
ILLATS, mairie-illats@wanadoo.fr
ISLE SAINT GEORGES, Mairie.isle.st.georges@wanadoo.fr
IZON, compta.izon@wanadoo.fr
JAU DIGNAC ET LOIRAC, mairie.de.jau.dignac.loirac@wanadoo.fr
JUGAZAN, mairie.jugazan@wanadoo.fr
JUILLAC, juillac.mairie@wanadoo.fr
LABARDE, mairie-labarde@wanadoo.fr
LABESCAU, labescau.mairie@wanadoo.fr
LA BREDE, contact@labrede-montesquieu.com
LACANAU, secretariat.dgs@mairie-lacanau.fr
LADAUX, mairiedeladaux@orange.fr
LADOS, mairie-de-lados2@wanadoo.fr
LAGORCE, mairie.de.lagorce@wanadoo.fr
LA LANDE DE FRONSAC, mairiedelalandedefronsac@wanadoo.fr
LALANDE DE POMEROL, mairie.lalande.pomerol@wanadoo.fr
LAMARQUE, mairie-de-lamarque@wanadoo.fr
LAMOTHE LANDERRON, lamothe-landerron@wanadoo.fr
LANDERROUAT, mairie.landerrouat@wanadoo.fr
LANDERROUET SUR SEGUR, mairie.landerrouet-sur-segur@orange.fr
LANDIRAS, mairie.landiras@wanadoo.fr
LANGOIRAN, accueil@langoiran.fr
LANGON, contact@langon33.fr
LANSAC, mairie@lansac.org
LANTON, secretariat-general@ville-lanton.fr
LAPOUYADE, mairie-lapouyade@wanadoo.fr
LA REOLE, mairie@lareole.fr
LA RIVIERE, mairie-de-la-riviere@wanadoo.fr
LAROQUE, mairie-laroque@wanadoo.fr
LA ROQUILLE, mairie.la-roquille@wanadoo.fr
LARTIGUE, mairie.lartigue@orange.fr
LARUSCADE, mairie-laruscade@wanadoo.fr
LA SAUVE, mairie.de.la.sauve.majeure@wanadoo.fr
LA TESTE DE BUCH, mairie@latestedebuch.fr
LATRESNE, mairie@mairie-latresne.fr
LAVAZAN, mairie.lavazan@orange.fr
LE BARP, mairie-le-barp@wanadoo.fr
LE BOUSCAT, contact.lebouscat@mairie-le-bouscat.fr
LE FIEU, mairie.lefieu@wanadoo.fr
LEGE CAP FERRET, secretariat.lege.cap.ferret@wanadoo.fr
LE HAILLAN, contact@ville-lehaillan.fr
LE NIZAN, mairie.le-nizan@wanadoo.fr
LEOGEATS, commune.leogeats@wanadoo.fr
LEOGNAN, contact@mairie-leognan.fr
LE PIAN MEDOC, contact@mairie-pianmedoc.fr
LE PIAN SUR GARONNE, mairielepiangaronne@wanadoo.fr
LE PORGE, mairie-le-porge@wanadoo.fr
LE POUT, commune.lepout@wanadoo.fr
LE PUY, mairie.lepuy@free.fr
LERM ET MUSSET, mairiedelermetmusset@orange.fr
LES ARTIGUES DE LUSSAC, lesartiguesdelussac@free.fr
LES BILLAUX, mairie.lesbillaux@wanadoo.fr
LES EGLISOTTES ET CHALAURES, mairie-les-eglisottes@wanadoo.fr
LES ESSEINTES, lesesseintes@wanadoo.fr
LES LEVES ET THOUMEYRAGUE, 
LESPARRE MEDOC, secretariat.maire@mairie-lesparre.fr
LES PEINTURES, mairiedespeintures@wanadoo.fr
LES SALLES DE CASTILLON, LesSallesdeCastillon@online.fr
LESTIAC SUR GARONNE, mairie-lestiac@wanadoo.fr
LE TAILLAN MEDOC, mairie@taillan-medoc.fr
LE TEICH, ville-de-teich@wanadoo.fr
LE TEMPLE, mairiedutemple@free.fr
LE TOURNE, mairieletourne@wanadoo.fr
LE TUZAN, mairie.le.tuzan@wanadoo.fr
LE VERDON SUR MER, contact@ville-verdon.org
LIBOURNE, contact@mairie-libourne.fr
LIGNAN DE BAZAS, mairiedelignandebazas@wanadoo.fr
LIGNAN DE BORDEAUX, mairie.lignan.bordeaux@wanadoo.fr
LIGUEUX, mairie-ligueux@orange.fr
LISTRAC DE DUREZE, listrac-de-dureze@wanadoo.fr
LISTRAC MEDOC, mlistrac@wanadoo.fr
LORMONT, mairie@ville-lormont.fr
LOUBENS, loubens@wanadoo.fr
LOUCHATS, mairie-louchats@orange.fr
LOUPES, mairie.loupes@orange.fr
LOUPIAC, mairie-loupiac@wanadoo.fr
LOUPIAC DE LA REOLE, mairie-de-loupiac-de-la-reole@wanadoo.fr
LUCMAU, mairie.lucmau@wanadoo.fr
LUDON MEDOC, info@mairie-ludon-medoc.fr
LUGAIGNAC, mairie.lugaignac@wanadoo.fr
LUGASSON, mairie.lugasson@orange.fr
LUGON ET L ILE DU CARNEY, mairiedelugon@wanadoo.fr
LUGOS, commune.lugos@wanadoo.fr
LUSSAC, lussac-mairie@wanadoo.fr
MACAU, mairie@ville-macau.fr
MADIRAC, mairie.madirac@wanadoo.fr
MARANSIN, mairie.maransin@wanadoo.fr
MARCENAIS, marcenais.mairie@wanadoo.fr
MARCHEPRIME, communication@ville-Marcheprime.fr
MARCILLAC, mairiemarcillac33@wanadoo.fr
MARGAUX, mairie-de-margaux@wanadoo.fr
MARGUERON, mairie@margueron.net
MARIMBAULT, mairie.marimbault@wanadoo.fr
MARIONS, mairielartigue@voila.fr
MARSAS, mairie-de-marsas@wanadoo.fr
MARTIGNAS SUR JALLE, contact@martignas.org
MARTILLAC, secretariat@mairie-martillac.fr
MARTRES, commune-de-martres@orange.fr
MASSEILLES, mairie.masseilles@orange.fr
MASSUGAS, mairie-massugas@wanadoo.fr
MAURIAC, mauriac@wanadoo.fr
MAZERES, mairie-mazeres@wanadoo.fr
MAZION, mairie-de-mazion@orange.fr
MERIGNAC, contact@merignac.com
MERIGNAS, mairie.merignas@wanadoo.fr
MESTERRIEUX, mairie.de.mesterrieux@wanadoo.fr
MIOS, mairie@villemios.fr
MOMBRIER, commune.mombrier@wanadoo.fr
MONGAUZY, mongauzy@wanadoo.fr
MONPRIMBLANC, mairie.monprimblanc@wanadoo.fr
MONSEGUR, monsegur@wanadoo.fr
MONTAGNE, commune.montagne@wanadoo.fr
MONTAGOUDIN, montagoudin@wanadoo.fr
MONTIGNAC, mmontignac@wanadoo.fr
MONTUSSAN, mairie.montussan@wanadoo.fr
MORIZES, morizes2@wanadoo.fr
MOUILLAC, mairiemouillac@wanadoo.fr
MOULIETS ET VILLEMARTIN, mairiemouliets@wanadoo.fr
MOULIS EN MEDOC, mairie.moulis.medoc@wanadoo.fr
MOULON, secretariat@mairie-moulon.fr
MOURENS, mairie.mourens@wanadoo.fr
NAUJAC SUR MER, mairie.naujac@orange.fr
NAUJAN ET POSTIAC, mairienaujanpostiac@wanadoo.fr
NEAC, communedeneac@orange.fr
NERIGEAN, mairiedenerigean@wanadoo.fr
NEUFFONS, neuffons@wanadoo.fr
NOAILLAC, mairie.noaillac@orange.fr
NOAILLAN, mairie.noaillan@wanadoo.fr
OMET, mairie.de.omet@wanadoo.fr
ORDONNAC, mairie.ordonnac@wanadoo.fr
ORIGNE, communeorigne@orange.fr
PAILLET, mairie.paillet@cc-artolie.fr
PAREMPUYRE, ville@parempuyre.fr
PAUILLAC, 
PELLEGRUE, pellegrue-mairie@wanadoo.fr
PERISSAC, mdperissac@wanadoo.fr 
PESSAC, courrier@mairie-pessac.fr
PESSAC SUR DORDOGNE, mairiepessacsurdordogne@gmail.com
PETIT PALAIS ET CORNEMPS, mairiepetitpalaisetcornemps@orange.fr
PEUJARD, 
PINEUILH, mairie.de.pineuilh@wanadoo.fr
PLASSAC, communedeplassac@wanadoo.fr
PLEINE SELVE, mairie.pleine-selve@wanadoo.fr
PODENSAC, mairie.podensac@wanadoo.fr
POMEROL, mairie.pomerol@wanadoo.fr
POMPEJAC, pompejac.mairie@wanadoo.fr
POMPIGNAC, mairie@pompignac.fr
PONDAURAT, mairie.pondaurat@wanadoo.fr
PORCHERES, mairie-porcheres@wanadoo.fr
PORTETS, contact@mairie-portets.fr
PRECHAC, mairie-prechac33@prechac33.fr
PREIGNAC, mairie@preignac.fr
PRIGNAC EN MEDOC, mairie.de.prignac@wanadoo.fr
PRIGNAC ET MARCAMPS, prignac-marcamps@wanadoo.fr
PUGNAC, mairiepugnac@wanadoo.fr
PUISSEGUIN, mairie.puisseguin@wanadoo.fr
PUJOLS, pujols.mairie33@wanadoo.fr
PUJOLS SUR CIRON, mairiepujols@wanadoo.fr
PUYBARBAN, mairie.puybarban@wanadoo.fr
PUYNORMAND, mairie.de.puynormand@wanadoo.fr
QUEYRAC, mairie.de.queyrac@wanadoo.fr
QUINSAC, mairiedequinsac@wanadoo.fr
RAUZAN, mairie.rauzan@wanadoo.fr
REIGNAC, mairie.de.reignac.33@wanadoo.fr
RIMONS, mairie.de.rimons@wanadoo.fr
RIOCAUD, riocaud.mairie@wanadoo.fr
RIONS, mairiederions@wanadoo.fr
ROAILLAN, mairie.roaillan@wanadoo.fr
ROMAGNE, mairie-de-romagne@wanadoo.fr
ROQUEBRUNE, roquebrune33@wanadoo.fr
RUCH, mairie.de.ruch@wanadoo.fr
SABLONS, mairie.sablons@wanadoo.fr
SADIRAC, infomairie@sadirac.com
SAILLANS, mairie-de-saillans@orange.fr
SAINT AIGNAN, mairie.de-st-aignan@wanadoo.fr
SAINT ANDRE DE CUBZAC, courriers@saintandredecubzac.fr
SAINT ANDRE DU BOIS, mairie.saint.andredubois@wanadoo.fr
SAINT ANDRE ET APPELLES, mairie.st-andre-et-appelles@wanadoo.fr
SAINT ANDRONY, mairie-saint-androny@wanadoo.fr
SAINT ANTOINE, communesaintantoine@orange.fr
SAINT ANTOINE DU QUEYRET, saint.antoine.du.queyret@wanadoo.fr
SAINT ANTOINE SUR L ISLE, mairiedestantoinesurlisle@wanadoo.fr
SAINT AUBIN DE BLAYE, st-aubindeblaye@wanadoo.fr
SAINT AUBIN DE BRANNE, staubindebranne@wanadoo.fr
SAINT AUBIN DE MEDOC, saint.aubin.de.medoc@wanadoo.fr
SAINT AVIT DE SOULEGE, st-avit-de-soulege.mairie@wanadoo.fr
SAINT AVIT SAINT NAZAIRE, stavit.stnazaire@wanadoo.fr
SAINT BRICE, saintbrice.mairie@wanadoo.fr
SAINT CAPRAIS DE BLAYE, mairie.stcaprais@orange.fr
SAINT CAPRAIS DE BORDEAUX, saint.caprais.de.bordeaux@wanadoo.fr
SAINT CHRISTOLY DE BLAYE, mairie@saint-christoly.fr 
SAINT CHRISTOLY MEDOC, mairie.de.stchristolymedoc@wanadoo.fr
SAINT CHRISTOPHE DE DOUBLE, communedestchristophededouble@orange.fr
SAINT CHRISTOPHE DES BARDES, mairie.de.saint.christophe.des.bardes@wanadoo.fr
SAINT CIBARD, mairiesaintcibard@wanadoo.fr
SAINT CIERS D ABZAC, mairiestciersdabzac@wanadoo.fr
SAINT CIERS DE CANESSE, mairie-de-st-ciers-de-canesse@wanadoo.fr
SAINT CIERS SUR GIRONDE, mairie@saint-ciers-sur-gironde.fr
SAINT COME, mairie.saintcome@orange.fr
SAINT DENIS DE PILE, lemaire@mairie-saintdenisdepile.fr
SAINTE COLOMBE, colombe.mairie@wanadoo.fr
SAINTE CROIX DU MONT, stecroixdumont.mairie@wanadoo.fr
SAINTE EULALIE, mairie-st-eulalie@wanadoo.fr
SAINTE FLORENCE, mairie-steflorence@wanadoo.fr
SAINTE FOY LA GRANDE, mairie@saintefoylagrande.net
SAINTE FOY LA LONGUE, mairiestefoylalongue@wanadoo.fr
SAINTE GEMME, commune.sainte-gemme@wanadoo.fr
SAINTE HELENE, mairie-sainte-helene@fr.oleane.com
SAINT EMILION, accueil@ville-stemilion.fr
SAINTE RADEGONDE, ste-radegonde.mairie@wanadoo.fr
SAINT ESTEPHE, mairie@mairie-saint-estephe.fr
SAINTE TERRE, mairie.sainteterre@wanadoo.fr
SAINT ETIENNE DE LISSE, mairie.st.etienne.de.lisse@wanadoo.fr
SAINT EXUPERY, saint.exupery2@wanadoo.fr
SAINT FELIX DE FONCAUDE, mairiedestfelix@orange.fr
SAINT FERME, saint-ferme.mairie@wanadoo.fr
SAINT GENES DE BLAYE, mairiestgenesdebaye@cgt.net
SAINT GENES DE CASTILLON, mairie.stgenescastillon@wanadoo.fr
SAINT GENES DE FRONSAC, mairie.stgenes@orange.fr
SAINT GENES DE LOMBAUD, genes-de-lombaud@wanadoo.fr
SAINT GENIS DU BOIS, mairie.stgenisdubois@orange.fr
SAINT GERMAIN DE GRAVE, mairie.stgermaindegrave@wanadoo.fr
SAINT GERMAIN DE LA RIVIERE, stgermaindelariviere@wanadoo.fr
SAINT GERMAIN D ESTEUIL, mairie.st.germain.desteuil@wanadoo.fr
SAINT GERMAIN DU PUCH, mairie.de.stgermain@wanadoo.fr
SAINT GERVAIS, mairie.stgervais33@orange.fr
SAINT GIRONS D AIGUEVIVES, mairie.st.girons@wanadoo.fr
SAINT HILAIRE DE LA NOAILLE, saint.hilaire.de.la.noaille@wanadoo.fr
SAINT HILAIRE DU BOIS, mairie-sthilairedubois@wanadoo.fr
SAINT HIPPOLYTE, mairiesthippolyte33@wanadoo.fr
SAINT JEAN DE BLAIGNAC, mairie.saint-jeanblaignac@wanadoo.fr
SAINT JEAN D ILLAC, contact@mairie-stjeandillac.fr
SAINT JULIEN BEYCHEVELLE, mairie.st.julien.beychevelle@wanadoo.fr
SAINT LAURENT D ARCE, mairie.stlaurent.darce@wanadoo.fr
SAINT LAURENT DES COMBES, mairie-de-st-laurent-des-combes@wanadoo.fr
SAINT LAURENT DU BOIS, mairie.stlaurentdubois@orange.fr
SAINT LAURENT DU PLAN, mairie.stlaurentduplan@orange.fr
SAINT LAURENT MEDOC, mairie@saintlaurentmedoc.fr
SAINT LEGER DE BALSON, mairiestlegerdebalson@gmail.com
SAINT LEON, mairie-st-leon@wanadoo.fr
SAINT LOUBERT, mairie.saintloubert@wanadoo.fr
SAINT LOUBES, mairie@saint-loubes.fr
SAINT LOUIS DE MONTFERRAND, mairie-st-louis-montferrand@wanadoo.fr
SAINT MACAIRE, contact@saintmacaire.fr
SAINT MAGNE, mairie.saint.magne@wanadoo.fr
SAINT MAGNE DE CASTILLON, saintmagnedecastillon@orange.fr
SAINT MAIXANT, mairiedesaintmaixant@wanadoo.fr
SAINT MARIENS, stmariens@wanadoo.fr
SAINT MARTIAL, mairiedestmartial@wanadoo.fr
SAINT MARTIN DE LAYE, mairie.stmartindelaye@wanadoo.fr
SAINT MARTIN DE LERM, mairie-de-saint-martin-de-lern@wanadoo.fr
SAINT MARTIN DE SESCAS, mairie.sescas@wanadoo.fr
SAINT MARTIN DU BOIS, mairie-stmartin-bois@wanadoo.fr
SAINT MARTIN DU PUY, mairiestmartindupuy@wanadoo.fr
SAINT MARTIN LACAUSSADE, mairie.st.martin.lacaussade@wanadoo.fr
SAINT MEDARD DE GUIZIERES, mairie.stmedarddeguizieres@wanadoo.fr
SAINT MEDARD D EYRANS, contact@saint-medard-deyrans.fr
SAINT MEDARD EN JALLES, communication@saint-medard-en-jalles.fr
SAINT MICHEL DE CASTELNAU, mairie.stmicheldecastelnau@wanadoo.fr
SAINT MICHEL DE FRONSAC, mairie.st-michel-fronsac@wanadoo.fr
SAINT MICHEL DE LAPUJADE, saint.michel.de.lapujade@wanadoo.fr
SAINT MICHEL DE RIEUFRET, mairie.smrieufret@wanadoo.fr
SAINT MORILLON, mairie.saint-morillon@wanadoo.fr
SAINT PALAIS, mairie.st.palais33@wanadoo.fr
SAINT PARDON DE CONQUES, mairie.stpardondeconques@wanadoo.fr
SAINT PAUL, saint.paul33@wanadoo.fr
SAINT PEY D ARMENS, mairie-de-st-pey-d-armens@wanadoo.fr
SAINT PEY DE CASTETS, mairiestpeydecastets@wanadoo.fr
SAINT PHILIPPE D AIGUILLE, saintphilippedaiguilhe@orange.fr
SAINT PHILIPPE DU SEIGNAL, mairie.st.philippe.de.seignal@wanadoo.fr
SAINT PIERRE D AURILLAC, commune-de-st-pierre-daurillac@wanadoo.fr
SAINT PIERRE DE BAT, mairie.st.pierre.de.bat@wanadoo.fr
SAINT PIERRE DE MONS, mairie-stpierredemons@wanadoo.fr
SAINT QUENTIN DE BARON, mairie.sqdb2@wanadoo.fr
SAINT QUENTIN DE CAPLONG, m.mairie7@aliceadsl.fr
SAINT ROMAIN LA VIRVEE, mairiestromainlavirvee@wanadoo.fr
SAINT SAUVEUR, saint-sauveur-medoc@wanadoo.fr
SAINT SAUVEUR DE PUYNORMAND, mairiesaintsauveurdepuynormand@wanadoo.fr
SAINT SAVIN, mairie-saint-savin@wanadoo.fr
SAINT SELVE, adm@mairie-saintselve.fr
SAINT SEURIN DE BOURG, mairie.stseurindebourg@wanadoo.fr
SAINT SEURIN DE CADOURNE, mairiesaintseurincadourne@orange.fr
SAINT SEURIN DE CURSAC, mairie-st-seurin-de-cursac@wanadoo.fr
SAINT SEURIN SUR L ISLE, mairie@stseurinsurlisle.com
SAINT SEVE, saint-seve@wanadoo.fr
SAINT SULPICE DE FALEYRENS, mairie.faleyrens@wanadoo.fr
SAINT SULPICE DE GUILLERAGUES, msaintsulpice@wanadoo.fr
SAINT SULPICE DE POMMIERS, mairie-st-sulpice-de-pommiers@wanadoo.fr
SAINT SULPICE ET CAMEYRAC, mairiesaintsulpiceetcameyrac@wanadoo.fr
SAINT SYMPHORIEN, commune.de.saint-symphorien@wanadoo.fr
SAINT TROJAN, mairiest-trojan2@wanadoo.fr
SAINT VINCENT DE PAUL, mairie.svp33@wanadoo.fr
SAINT VINCENT DE PERTIGNAS, stvincentdepertignas.mairie@wanadoo.fr
SAINT VIVIEN DE BLAYE, mairiesaintviviendeblaye@orange.fr
SAINT VIVIEN DE MEDOC, mairiestviviendemedoc@wanadoo.fr
SAINT VIVIEN DE MONSEGUR, saint-vivien-de-monsegur@wanadoo.fr
SAINT YZAN DE SOUDIAC, commune-st.yzan.de.soudiac@orange.fr
SAINT YZANS DE MEDOC, mairie.yzans@wanadoo.fr
SALAUNES, salaunes.mairie@wanadoo.fr
SALIGNAC, mairie-salignac@wanadoo.fr
SALLEBOEUF, mairiedesalleboeuf@wanadoo.fr
SALLES, mairie.de.salles@wanadoo.fr
SAMONAC, mairie.samonac@wanadoo.fr
SAUCATS, mairie-saucats@wanadoo.fr
SAUGON, mairie.saugon@wanadoo.fr
SAUMOS, mairie.saumos@orange.fr
SAUTERNES, mairie@sauternes.com
SAUVETERRE DE GUYENNE, sauveterre.mairie@wanadoo.fr
SAUVIAC, mairie-de-sauviac@wanadoo.fr
SAVIGNAC, savignac3@wanadoo.fr
SAVIGNAC DE L ISLE, mairie-de-savignac@wanadoo.fr
SEMENS, mairie.semens@wanadoo.fr
SENDETS, mairie.sendets33@wanadoo.fr
SIGALENS, mairie.sigalens@wanadoo.fr
SILLAS, mairiedesillas@wanadoo.fr
SOULAC SUR MER, contact@mairie-soulac.fr
SOULIGNAC, mairie.soulignac@wanadoo.fr
SOUSSAC, soussac@wanadoo.fr
SOUSSANS, mairie.soussans33@wanadoo.fr
TABANAC, mairie.tabanac@wanadoo.fr
TAILLECAVAT, taillecavat@orange.fr
TALAIS, mairietalais@wanadoo.fr
TALENCE, pcarbo@talence.fr
TARGON, mairie.targon@wanadoo.fr
TARNES, mairietarnes@wanadoo.fr
TAURIAC, mairiedetauriac2@wanadoo.fr
TAYAC, mairiedetayac@orange.fr
TEUILLAC, mairieteuillac@fr.fm
TIZAC DE CURTON, mairie.tizac.de.curton@wanadoo.fr
TIZAC DE LAPOUYADE, mairie.tizac.de.lapouyade@wanadoo.fr
TOULENNE, mairie.toulenne@wanadoo.fr
TRESSES, webmaster@tresses.org
UZESTE, mairie-uzeste@wanadoo.fr
VALEYRAC, VALEYRAC@wanadoo.fr
VAYRES, postmaster@mairie-vayres.fr
VENDAYS MONTALIVET, mairie@vendaysmontalivet.com
VENSAC, mairiedevensac@vensac-medoc.com
VERAC, mairiedeverac@wanadoo.fr
VERDELAIS, mairie-de-verdelais@wanadoo.fr
VERTHEUIL, communedevertheuil@orange.fr
VIGNONET, mairie.vignonet@wanadoo.fr
VILLANDRAUT, mairiedevillandraut@wanadoo.fr
VILLEGOUGE, mairie.villegouge@wanadoo.fr
VILLENAVE DE RIONS, mairie.villenavederions@cc-artolie.fr
VILLENAVE D ORNON, communication@mairie-villenavedornon.fr
VILLENEUVE, mairie.villeneuve33@wanadoo.fr
VIRELADE, mairie.virelade@wanadoo.fr
VIRSAC, mairie.virsac@wanadoo.fr
YVRAC, yvrac.mairie@wanadoo.fr
